{
  "fill" : "system-light",
  "groups" : [
    {
      "blur-material" : null,
      "layers" : [
        {
          "fill-specializations" : [
            {
              "appearance" : "dark",
              "value" : {
                "solid" : "display-p3:0.97802,1.00000,0.95873,1.00000"
              }
            },
            {
              "appearance" : "tinted",
              "value" : {
                "solid" : "display-p3:0.95028,1.00000,0.99826,1.00000"
              }
            }
          ],
          "image-name" : "prism-sharp-svgrepo-com.svg",
          "name" : "prism-sharp-svgrepo-com",
          "position" : {
            "scale" : 0.95,
            "translation-in-points" : [
              0,
              0
            ]
          }
        }
      ],
      "shadow" : {
        "kind" : "neutral",
        "opacity" : 0.5
      },
      "translucency" : {
        "enabled" : true,
        "value" : 0.5
      }
    }
  ],
  "supported-platforms" : {
    "circles" : [
      "watchOS"
    ],
    "squares" : "shared"
  }
}